"relative_path","size_bytes","sha256","category","git_included_yes_no","notes"
".env.local.example","404","589af67ff6b042452a6593306d209e0f5e6b6b0c1d79f406710b17e409188cd1","github-root","yes",""
".gitattributes","177","ecd1b9dc8a4d4a3b807334ef91f745772c9195e3ce5419ed7f7ea9b61034b0ca","github-root","yes",""
".github/workflows/.gitkeep","1","01ba4719c80b6fe911b091a7c05124b64eeece964e09c058ef8f9805daca546b","github-config","yes",""
".github/workflows/face-policy-tests.yml","1172","6838ffc56241a2367afc95853732e25d4e7baf732c0e264443ce22f335d3e72a","github-config","yes",""
".gitignore","1230","640ed6e02b61c2ec89ad1687cb8b65c88278e226df52ef0b3dd001fd81e9df45","github-root","yes",""
".runlogs/colab_bridge_repro2/backend/best_model.pt","149330877","83737fa49fc0aeeadfe2e5118bcdd49380f897f33ed06215fa08e7950cdb6eb3","local-model","no","Secondary local model copy kept for reference only."
"ai-sentinel-colab-code.zip","49198930","314600fde6d3b408e8d7fab55975e12b50c422ca38fd1df15fc3b696ea52fdff","local-archive","no","Local-only Colab bundle archive."
"app/globals.css","5370","cfa61794c420d533da1d8bed8803a6963d67d71b42ed78d283c626e3e2f6114c","github-frontend","yes",""
"app/layout.tsx","1147","a80f96047f829465a0790bd386b8b447e2cc3b7857d075eb7a31198fd9369c68","github-frontend","yes",""
"app/page.tsx","10478","90622bf881f9dfa0f6802a30ee7278dc53918bc51f909380f4d5b2aa90fc11bf","github-frontend","yes",""
"archive/misc_unsorted/README.md","165","a2eb64d1a3adb4fbb821f98ece23108e0c5f6bec2648d6d75986b49744c5e842","github-root","yes",""
"archive/old_notebooks/README.md","129","daa3689b4245f1c4a5e0fb1eb7ea4c34d58c3cb73497dced47770a5a5d761980","github-root","yes",""
"archive/old_patches/README.md","212","bba464ebcf24af7b06f19cd7dbeab5b67257631505ff850905a57b3d17fb6e20","github-root","yes",""
"archive/old_reports/README.md","159","2846613846efdbaa30db4855a9d42a235dc669d7c1603059b982de26c660e00c","github-root","yes",""
"backend/.env","458","899049d0f24d77d4df6d780605b659f38b102f068218c749a55a8b7bd294f6db","github-backend","yes",""
"backend/.env.example","1399","cef72d6995e48aa3dfd1159c4292803f1a02d36593165fd11ee3cf8e1c9f4490","github-backend","yes",""
"backend/__pycache__/api.cpython-314.pyc","106120","3478aaca535d3a870e96807c6cbd24565c5a0271a670ac5e1ae9923beb430609","github-backend","yes",""
"backend/__pycache__/audio.cpython-314.pyc","9787","261134dae553130083b62ba08e140ca59ad8f10dc8b1dd7a9438e1b9c0954731","github-backend","yes",""
"backend/__pycache__/augmentations.cpython-314.pyc","2568","ba780d41d582df3df146b39af142bc02e758ba37ab988e0ee6937f6f64b12d3e","github-backend","yes",""
"backend/__pycache__/calibration_utils.cpython-314.pyc","2076","865f539b75c2096928e0b827d93b3e8858b2011b751a4ce046a955248230e6cf","github-backend","yes",""
"backend/__pycache__/colab_bridge_server.cpython-314.pyc","10614","3e135946037bcd4f4603c66102b2688f0917958c65327567ca6573e70260cec1","github-backend","yes",""
"backend/__pycache__/detection_categories.cpython-314.pyc","23230","d0c8fdd0b4eaf40cea315c3cc34123e524e9d21a7b5ab9e5d6b1f8103b0a7498","github-backend","yes",""
"backend/__pycache__/evidence.cpython-314.pyc","9784","63fe100d88430feb7783f6271429ac02f302410464675c8ca7b77877c6a15a88","github-backend","yes",""
"backend/__pycache__/face_intel.cpython-314.pyc","59780","d17051adba9c2ce786f1bfd1e55712fd7eef9c1233157f6d56e5b29c8739b86c","github-backend","yes",""
"backend/__pycache__/fusion.cpython-314.pyc","6992","be75bb9ca1e3c0fdc03af69d3c3a2370c8598203d0871b904f6a1b14d3918064","github-backend","yes",""
"backend/__pycache__/inference.cpython-314.pyc","26620","5bb3ab0c7923d05e7d19f6f33b63445aec8348f8240c9b49aa5b83113e255b64","github-backend","yes",""
"backend/__pycache__/live_alert_decision.cpython-314.pyc","15436","afa1223df764efd223f5906e51372576a653e9f58fe0973e413886b1a70c304f","github-backend","yes",""
"backend/__pycache__/notifications.cpython-314.pyc","20393","111986b3925557dc07b94f0dd1fe8dfa4f843a095213bd7653155b662b5ab69d","github-backend","yes",""
"backend/__pycache__/prepare_colab_bundle.cpython-314.pyc","3899","1952e722d288e46c87247adcf4b3320372fcb74209d5eea73a36a473bfd14919","github-backend","yes",""
"backend/__pycache__/render_colab_notebook.cpython-314.pyc","4006","31b5ea4c83930b06ddbcc81bfaa4f9baacdf779bc0849c00495e1d2ba77f5995","github-backend","yes",""
"backend/__pycache__/reporting.cpython-314.pyc","17215","eb075daa5654305b475e0b8e4e43da556dd31280a01bd992dc6a8fe9bf73ef81","github-backend","yes",""
"backend/__pycache__/security.cpython-314.pyc","11158","879180d6762a95009aaf2650669b22a1363708a804d8f933f9d675b2a865fe81","github-backend","yes",""
"backend/__pycache__/train_calibration.cpython-314.pyc","24107","b98ee9c7eeba88f4bd6e8fc45fc6c8f075b625cf70228f2e21269c771bd00704","github-backend","yes",""
"backend/__pycache__/train_finetune.cpython-314.pyc","45621","9e93c4d3bc94e180f7f7ffa4432a7cea7c9ec512a63ce095eed008aa4df387b3","github-backend","yes",""
"backend/__pycache__/weapon.cpython-314.pyc","25954","f719e4b6e7964eadae635d042477a51c702f3a55e7a312ca69d795b6f5758148","github-backend","yes",""
"backend/api.py","70450","8224d69891516a104f2f5b45f4f127afd54efd09078e66930619eda9b30995c4","github-backend","yes",""
"backend/audio.py","5522","a3dbafb288052162ee7305328c9a184e8e2026ce64ad2f7775d4384427f3fb6b","github-backend","yes",""
"backend/audit_logs.jsonl","168","bf99a63e9989872ed07cf6870d8d3f09e8d3980ffb9b2f521c7b72a10529f48d","github-backend","yes",""
"backend/augmentations.py","1218","2352531d6a8a3b064ec19a8e59aa95c09f8bab026d1c295ba29bf1b7f86a79d6","github-backend","yes",""
"backend/best_model.pt","418777469","1fb38eeb54821d827a4621ac3fce4ad98488bc05fbf99df9ab78a13ed223b6cb","local-model","no","Workspace-local model copy; SHA does not match documented stable runtime reference."
"backend/calibration_utils.py","895","4e5849b4b60ae8eec0a2d417481675143fb1afc2f56e79cbf973174747eb8963","github-backend","yes",""
"backend/cloudflared-windows-amd64.exe","65846200","59b12880b24af581cf5b1013db601c7d843b9b097e9c78aa5957c7f39f741885","local-runtime-binary","no","Runtime helper binary; keep local only."
"backend/colab_bridge_server.py","5529","212b29a4febdb648e9980854ad617d4290e84a6f57761f244e5ba0f48c7c0458","github-backend","yes",""
"backend/config.yml","2538","1c3b25a4340f1b6321b1286c4ba6f33559cf15b1c8a7c3738db7bf6521a66f3d","github-backend","yes",""
"backend/dataset_manager.py","1200","f8404633264e5f99cb6b33825b485509d04e70dab9a31a090c8762f01f00bf73","github-backend","yes",""
"backend/datasets/__init__.py","77","94a7664f080c438d6b84c0bfec7a2c8b4d039c0d245c0030e9da3ea42b094471","github-backend","yes",""
"backend/datasets/__pycache__/__init__.cpython-314.pyc","260","649f5820ba240451157c1e82a47abb8e0ed7a56e5414a0df8cfcaa59f92997fc","github-backend","yes",""
"backend/datasets/__pycache__/manifest_dataset.cpython-314.pyc","4082","c51f8506cb53909f1a0222e6f444d0a76ac9c0af4fd25b97219de3ad6e974872","github-backend","yes",""
"backend/datasets/__pycache__/video_contract.cpython-314.pyc","2111","84de784ca5e8ed058b423ffd56dfdaf5259b7b059b1282a07ddf04c80973fb3c","github-backend","yes",""
"backend/datasets/__pycache__/video_loader.cpython-314.pyc","4596","d200c34979ea1e1494369a4aa50de18f6c41bc349674acc7afd8f02b82076899","github-backend","yes",""
"backend/datasets/manifest_dataset.py","2433","9161bd3f9432a0ca7262c3e4da537a026bff03cca84adde0e464393ad9ed244a","github-backend","yes",""
"backend/datasets/video_contract.py","1927","7e97458b2ea2bda8c65988345b4be49eb768e4ab7e82d42293480efb4b2725be","github-backend","yes",""
"backend/datasets/video_loader.py","3333","f4ba6f29e13940e49b4ecfefc77a5df8bc00387fe26de6d0eb71741c40dd0bf6","github-backend","yes",""
"backend/detection_categories.py","15710","f3cce9d549255fdaf4627ea32d82afba280145bbb5bb855b5515861dd4a2fb9a","github-backend","yes",""
"backend/evidence.py","4493","20f38109de8d8e031218c10161f10c346aaa8a72aac12f101b2949bf6b3ae6b7","github-backend","yes",""
"backend/face_intel.py","38182","4b0d507276073a53797c62acc9d571faeef1b661d2cf6afa37c365657ac6f598","github-backend","yes",""
"backend/fusion.py","4223","2be5a97ef34e7788faa4cb233d8c0cbae62fd4e47957443cfae44e6b08c06694","github-backend","yes",""
"backend/inference.py","16299","446a2f1c1bd2e14fc1dd0940a33867aac2cfba006f8b93bbbd98e9074f8846d9","github-backend","yes",""
"backend/known_faces_registry.example.json","154","0305c4a3c8c848bbee74d1ec8b6cd3782998356522365863453ca1e648775cf7","github-backend","yes",""
"backend/live_alert_decision.py","14718","bef62dd26c7cd40331d568e733257da2a50e8f9bb3ee62fd35b56ff77af67255","github-backend","yes",""
"backend/Microsoft.Services.Store.winmd","4608","44f3a05334de6ca0b43ebd17f6c7f1935630e026f049f28828566e364b7f41aa","github-backend","yes",""
"backend/models/__pycache__/multi_angle_x3d.cpython-314.pyc","8444","7143ab250d9c1a343fd88d64305bf9e8d59ee1c377846545a2db6ad9389fad17","github-backend","yes",""
"backend/models/multi_angle_x3d.py","4424","df8830e71e0f88f04ac2755e60c835e579082527c5ac63a0474d95377c06a062","github-backend","yes",""
"backend/notifications.py","11145","37e58fb28c05a9f52b7772ed3318b10c571aadfce2314e2aca6a2ae728fee44c","github-backend","yes",""
"backend/optimization.py","1023","87970c3142e1f79dce761bcc08753e9040773c13858c64ae7630418672b1240a","github-backend","yes",""
"backend/prepare_colab_bundle.py","2350","b4eccaddadb2ed6c18297a83f099e84cc5efb7493d7535ca5b6573069d1e755d","github-backend","yes",""
"backend/rapport.pdf","1376476","081c184565f1fb691feac3a007840bff53b6074eb2596ccc3ee07e65b6210c70","github-backend","yes",""
"backend/render_colab_notebook.py","1895","097c240e81e3acf220c7831820fc4b2ffc1697f744bc41455d512524ef46f81a","github-backend","yes",""
"backend/reporting.py","11112","d929e3ec0a4e944bb5f7dd68344f13af7c1999b642deba5eee68b496a49c60ce","github-backend","yes",""
"backend/Repository search results.html","230447","719a5277d6f49a3c7a77c3106f2da069f38bd0965fba26b61924b4fd951b3260","github-backend","yes",""
"backend/Repository search results_files/10973.fbd4824947df2df8.module.css","337","d72fddac859788a91f0100a2f277a886fb975b6b601c322e760efa4f16ee95f7","github-backend","yes",""
"backend/Repository search results_files/13333-5998f5eddb353d65.js.تنزيل","13078","e9e1902ad2d845df6ff5c05add53ed94ed032e8cfc2fa181ea47d3aa8bb3c5ad","github-backend","yes",""
"backend/Repository search results_files/15117.139a9fee33b053ca.module.css","22244","a12bf58bf0dc5bf74509e6b0a483adee2b766f90384a18705f104b7f82a74d8d","github-backend","yes",""
"backend/Repository search results_files/162826090","1546","c18b04a3d40e633a6f6933b4a17ed53d2b26360ab95c6ff20c311781069ab457","github-backend","yes",""
"backend/Repository search results_files/16431.4f0268fc79315d90.module.css","31771","63ef9ab0bbeb0e6cac3869dc10dc195f8d3b2d7035c3733709a6362e3aa2cdc8","github-backend","yes",""
"backend/Repository search results_files/16449-85f57dbbecbd2454.js.تنزيل","17849","6cd8888e615d083684f6f3576b40e71721663e04102fb4ea08022cc2e696d5d9","github-backend","yes",""
"backend/Repository search results_files/17348-787e0b6b008adb94.js.تنزيل","13772","eac6144860a360a5e86f2ca76372db1c37b9c4d6d9e52d9370aa334eb1549a6e","github-backend","yes",""
"backend/Repository search results_files/2498-7a413c8209222158.js.تنزيل","9107","32aa32fcfd18ec8c9c3cfdc00a151648db194bcf7822ced70c5e2a50de660ee0","github-backend","yes",""
"backend/Repository search results_files/26107.3938f0d5b0c0e0a2.module.css","867","86e5ecd5881f7d28f5c3e7a80570ac78b60f91ffc9aa3a5f6c701f7401c4e690","github-backend","yes",""
"backend/Repository search results_files/26533-4df1172b25427069.js.تنزيل","74986","a633a4af76f2a2b92559396ce86112bd2a27b69f7cb8c9c8a25122922abd00c5","github-backend","yes",""
"backend/Repository search results_files/28149.b163ac237a350b55.module.css","18668","67d53f025bc9e17ff18a7ca86af58b2d6958fb7172eb77e7859b4ca3e290e93f","github-backend","yes",""
"backend/Repository search results_files/28839-734cb6d8a7150172.js.تنزيل","19836","5be2cad62c76619eca32980a52ce41282717d278292e3561bd2f913a12440994","github-backend","yes",""
"backend/Repository search results_files/2887-47ac9a4b8862e6bf.js.تنزيل","4925","09f99c21f1a8965a3d81ceabaad4ca273a9263e17525178ff40bcc90076fa1d4","github-backend","yes",""
"backend/Repository search results_files/29429-b81fa2352a98e811.js.تنزيل","10446","558c0342b5bcf1d7e7b2abc3f3ebd83747a710227449f697e657f411b06ec169","github-backend","yes",""
"backend/Repository search results_files/29634.dbc9fc28c9c46de3.module.css","23554","d4384dfb906c1e81dedf8e85a91094e2d12a5f4662ffc7e55db55b5f8e12f5d7","github-backend","yes",""
"backend/Repository search results_files/2966-f6796bfd155feae1.js.تنزيل","20266","d01a3bcdd5e0ceafaf9461965fbfc9ec2ddca89c149573e850b3534053c93e87","github-backend","yes",""
"backend/Repository search results_files/31721-17b28a26ab4c2e02.js.تنزيل","17002","d87d38ceff60ca3dbe2961be1fc931fbe2a302673a9044ebab11e28e1039114c","github-backend","yes",""
"backend/Repository search results_files/33512.2ea03a869093e4fd.module.css","3451","5b32484777a6ce08493f2274793e35cd2f0493e02afae2ec082a49e1ce9a698f","github-backend","yes",""
"backend/Repository search results_files/34646-bea6b9a63337cd73.js.تنزيل","16915","2d750965f41cdb05d2f7dc104a251ae5ffc594b0e5370ed81dd53d5218e742e8","github-backend","yes",""
"backend/Repository search results_files/37869-a873e81f0fcb98e2.js.تنزيل","32153","5a5e6beeb31fbed1b94a8af18b7b933cff8237b06d7642d81ecfd49baf91bc77","github-backend","yes",""
"backend/Repository search results_files/38963.f70dfea92b138b01.module.css","311","d0772f08b6ed1ce94556d86a30b3be0d7041f44bb4d009db706094f281b33b20","github-backend","yes",""
"backend/Repository search results_files/39130-334926c8365e947c.js.تنزيل","157686","47de8d6b5df201b134ffed506189892e698da277f17c2d1be00d9651c18d56a7","github-backend","yes",""
"backend/Repository search results_files/41013-7a6deee6d6ff15eb.js.تنزيل","17171","397a573ffe792c17ece7ab736f64e8c4236143c9625205835bc70fcac0661129","github-backend","yes",""
"backend/Repository search results_files/4244-d5dcb589fae0ecbf.js.تنزيل","11440","5c8b152e2fc7c0deaca35482e9bf233a098d77c0d8570fb2e322b4951a2ec05c","github-backend","yes",""
"backend/Repository search results_files/46287-cd100bdce32a28f3.js.تنزيل","36686","1c8643058d0ebeabfbe50643cf22c8181a7977a07ff3edcd47387dfc93085cc4","github-backend","yes",""
"backend/Repository search results_files/46740-6606b1026a237412.js.تنزيل","12298","22bc41d3c9725b9da5523bb9916f77dfa80f90819940cfd8c725e165a9a6102d","github-backend","yes",""
"backend/Repository search results_files/47948.69ade308abb24279.module.css","20797","f44cda4eea68e3dcff10c70534583ef0ecf01c9ce27ca09319ea07b6cdbedf97","github-backend","yes",""
"backend/Repository search results_files/48525.22357d05d3d36723.module.css","41976","53056e55e8107821f380be4e6893d57edebcd1ee17427faa2d1b885fc02733de","github-backend","yes",""
"backend/Repository search results_files/49029-32f138b26aa15ad8.js.تنزيل","11933","7e8056004041ee0b4d0cf5904e634041cedd220f3cb63b447bec60f66554e92b","github-backend","yes",""
"backend/Repository search results_files/50120.3e85dda4919d7287.module.css","130036","04f48b771394997caff3b638a6d921251e5b3eae431471ee7116c61e2fcb3abd","github-backend","yes",""
"backend/Repository search results_files/51210-3abb7238871a5b29.js.تنزيل","14052","d48c9f55c02e0b2077438d6edeafac3d440a9f91a63d29a105a6638af5101ab5","github-backend","yes",""
"backend/Repository search results_files/53839.52201ac8c146881f.module.css","1933","c7b1d2e7bd2fdaf543eaa7ed3dc25e8b5cb47657b6154ba94df249486557b683","github-backend","yes",""
"backend/Repository search results_files/55077-7e6ec049c792d791.js.تنزيل","32270","dcfda9bb2b7fab8e136ee54c4e1408bb6d953bc86a0d5357fbf4672af4804d1e","github-backend","yes",""
"backend/Repository search results_files/58889-5fa21a6f16a85112.js.تنزيل","13540","618be6fc5f73c24cb6e9baafa27ecde3bad7d50cb45a0f1dd4a040bbe405e4e0","github-backend","yes",""
"backend/Repository search results_files/59207-71307790482aebbd.js.تنزيل","7189","18ed2d8f90d459780d9923bd83b9a1fef4af6abf564bff7b58ba847f062af293","github-backend","yes",""
"backend/Repository search results_files/60207.29bc7bda4340f9d8.module.css","21123","b3a08ebdf26ef0897791dfd89c41a10416703f7c3a62145444bc64cc43572f88","github-backend","yes",""
"backend/Repository search results_files/60481-1a8127058c27e9af.js.تنزيل","8221","c80ad54c5555544e6046e8017f984f3577feb920061cecaa57bf831b52866bfd","github-backend","yes",""
"backend/Repository search results_files/61025-07acdbf2975da96b.js.تنزيل","29681","1a2781d6e79550c77b46516518b39732a113ab8b58d7409e9607fce407910319","github-backend","yes",""
"backend/Repository search results_files/61110-93cf7706e5dc8bfa.js.تنزيل","9977","762df1cbdcdcde95c6eaa8bc5df71307df5aa45b9329a0119106d9cb6f5d17d4","github-backend","yes",""
"backend/Repository search results_files/61975.bf2bb705802183ac.module.css","1372","e7e183192d1566974ead87f9ad22d1576de93227580d596ea9eb1882797da88f","github-backend","yes",""
"backend/Repository search results_files/63991-125a5c660965e63e.js.تنزيل","7313","5a2570f397c096a69109753a5af013c0683cde48631b43f006a4f5a12f10e7a3","github-backend","yes",""
"backend/Repository search results_files/64247-7de91c52a8aca0eb.js.تنزيل","25295","32181fb484860e84d7bad7c7aca6385230052928000fbc2f4f621b1733432457","github-backend","yes",""
"backend/Repository search results_files/6538.624150df2ec13616.module.css","19492","29d6524faf7a74ab33a5e6efb36ef4fde65c5b95df8e9bf2a00656ddaec2e69f","github-backend","yes",""
"backend/Repository search results_files/66353-b44748fd4ed05b2c.js.تنزيل","39296","6c47cdedb8c35f67e3a1a8975d414ec23c6d63485b23777e17d762487e3755f8","github-backend","yes",""
"backend/Repository search results_files/68751-fe5cb40b5547c377.js.تنزيل","11881","d6d4d44d1f5fc3f0165d8b1bc628d5a9b231aa1041608bf784b4383d7fa05d0b","github-backend","yes",""
"backend/Repository search results_files/69796.0de4aefc30cb3ef5.module.css","74176","8a0bfb4aa19478f6710f73bc036da2355e5dc8529db39842d205fbcddadad884","github-backend","yes",""
"backend/Repository search results_files/7053-fe40037405b8998b.js.تنزيل","8763","ac4c6d1dc725aeadfea98792d2be0150e4fbe41b66daccd1c894fd57ce2f9442","github-backend","yes",""
"backend/Repository search results_files/73896.90361412b746c60c.module.css","10494","ff6f00486de5abff23d86eea6fa45b392fd2b5263886e2602e1d612d43d35fa2","github-backend","yes",""
"backend/Repository search results_files/76241.8aaf94b279ad9c8e.module.css","18365","09c7587899885200463e64107528de419d544a6fe24b43956adf565cb3892d94","github-backend","yes",""
"backend/Repository search results_files/77507.1a8d33d1d01751af.module.css","14432","c262f4f2add06f0af3f9194680f7518c6f0f0df7d65056f99604bbedfee5e4cd","github-backend","yes",""
"backend/Repository search results_files/77988-ef9e404eb181a1d0.js.تنزيل","9979","0a8fbe0c26cf47c3fc23cd39b6959e81af6697e08a82894ac5653fcca2d8c339","github-backend","yes",""
"backend/Repository search results_files/78292.7cde2dd88c8a01db.module.css","10846","73c3bbaf92f47a274998a0120b0805faf58ea99732f08566e4822462e6077f2b","github-backend","yes",""
"backend/Repository search results_files/79039-2565b539a6ebc09b.js.تنزيل","16419","925c7c53a46941ae668e12d4cbf3494ec1282b2848deb60b759874362c36006f","github-backend","yes",""
"backend/Repository search results_files/79087-52380608de8b0939.js.تنزيل","10569","eeeff411453d00322c7fba2f9fc0e204f739057c4211d56d1688ef2912f5799e","github-backend","yes",""
"backend/Repository search results_files/81758.494563ec073c4e48.module.css","9797","41e0eb4e6c43e7d19a188fff612114c80ab6bd4570f5537cafb9838b137965d9","github-backend","yes",""
"backend/Repository search results_files/85297.4e72e67f317701e8.module.css","16594","f7a5f172c12db0554becbd83040cba1d85a3fbb7c1d9d88f88910b51c44f3fb4","github-backend","yes",""
"backend/Repository search results_files/85924-e131bec5f99667e1.js.تنزيل","13471","9c2e96819e6eb1a336b5cb2cd792b837fb57ab5cda5fadf3267b1511f802fe90","github-backend","yes",""
"backend/Repository search results_files/87376-40a11a08536e6be2.js.تنزيل","40189","e651449deab738c652560c0fcc2a91ce440b1b75c29eae1c894525b03cca91c1","github-backend","yes",""
"backend/Repository search results_files/89627-fbbd31c43d83e10c.js.تنزيل","10745","7e0a9f0e9c1fa7fb3e04a2710e18048b23d9c175cc4458d9abd3b2f33c0ae0f4","github-backend","yes",""
"backend/Repository search results_files/93716-c0d708c7899c4298.js.تنزيل","42423","625a76b4c95187304f81f0f209f6e7aaa71cba4d411b673f9aceab782fc3bc1e","github-backend","yes",""
"backend/Repository search results_files/96232-69d46a31854353d4.js.تنزيل","9639","6be25100ba204afc2d759dacd7c4ae7a5ba61baa55d50a404c67fd51d2029539","github-backend","yes",""
"backend/Repository search results_files/97097.8626717c2b19e29e.module.css","28311","77ae5a438ebb90d886ff9f3bee2fb25884f70c352cd547c963bf286d85e7b124","github-backend","yes",""
"backend/Repository search results_files/99328-5e06da57c4622e21.js.تنزيل","7196","60fd3921e63aa1afe76c3f39926d3e11194c1bedd5b6422db5811ff7cd7a7ba7","github-backend","yes",""
"backend/Repository search results_files/AminSaqi.png","1040","dccf76d22d183ac81165607ba5a53fa68b3d3e89dea9152633f5f0b6b3004493","github-backend","yes",""
"backend/Repository search results_files/amv-dev.png","1539","327a3bfce8794db044d6c55110ba75435b0384ec1eeea75b905b046ad50c0f5f","github-backend","yes",""
"backend/Repository search results_files/behaviors-d72208d523482ecc.js.تنزيل","214214","3b339d1fce0949ab2994c1a62252aeee848718fce8fb988288678a3f480baa21","github-backend","yes",""
"backend/Repository search results_files/blackbird-search.11f0998267679824.module.css","48237","f21053cd17b8e5de09d20f15afcf5cd8383c5f3140d3bd0f2f1b4e421d4ea502","github-backend","yes",""
"backend/Repository search results_files/blackbird-search-5968e9368772948d.js.تنزيل","155019","d2bdae897f5f892491db7909267d60a8b817c7f666c7d1bf3b02811f11bb122f","github-backend","yes",""
"backend/Repository search results_files/dark-fc6eec18532c3ae0.css","76607","4dd3ca7a1d037845c4c8509e455103ee00e6279b80f6edb848319211034f8ce7","github-backend","yes",""
"backend/Repository search results_files/element-registry-04246c6cfcc7dcba.js.تنزيل","80084","71afc37404384c8382306b3572f74008c315ab6c3a31a848e6cce038ceb33043","github-backend","yes",""
"backend/Repository search results_files/environment-51c0968cf21c176d.js.تنزيل","20174","e00e1eec8be49692b01f77b06479561022b2737dbf135fa4e20593c754e68ded","github-backend","yes",""
"backend/Repository search results_files/fetch-utilities-78a4114cfa572239.js.تنزيل","7347","82a60e16c49d59213b70c265d9f28cb22444cd3a9ccfe42fb448762729085b1b","github-backend","yes",""
"backend/Repository search results_files/github-c94ab8d1f22049a8.css","156676","0ebb28d36cfeca1a54b16256f5f62bb5c0fd2f0e470ee1f5168fd08649317567","github-backend","yes",""
"backend/Repository search results_files/github-elements-459d4cd7a0f718d7.js.تنزيل","30666","318d2942e358b447fd720c29b3be58f23b5c8ca1b7ea182fbb34fbb21e18a3d6","github-backend","yes",""
"backend/Repository search results_files/global-c9ae636e7affabfe.css","299778","2695e78098dc202fa83df877837c14d433522da605098aaf215ec662427749ab","github-backend","yes",""
"backend/Repository search results_files/global-nav-bar.def9a1e35c5bc967.module.css","9806","9c55eeea4df98070e35c71ca663deb0bc6a87941c74ed5ad3d2b6d0f19c966be","github-backend","yes",""
"backend/Repository search results_files/greyblake.png","3798","c355f3528c4856cd41c83accde82b3c2977115cf915a3a06cd2dd65b2a9097a9","github-backend","yes",""
"backend/Repository search results_files/jrmeier.png","1039","f7be06d7451f22928f07abde79064bdb3aef6926fd03f2d0dd7cb64969052b3d","github-backend","yes",""
"backend/Repository search results_files/karlwancl.png","1191","cde85082c80375ce2c2ace2e627bb8708e02fb23c535869046013d1214c74856","github-backend","yes",""
"backend/Repository search results_files/keyboard-shortcuts-dialog.226020b781ed6407.module.css","331","3152bdefc27fcaa83029e418c2232d9782cd8b7b12152cc58326658a3ddaf24a","github-backend","yes",""
"backend/Repository search results_files/kukapay.png","351","99487c6a512fa108139ef035ab5f9b1ea64431ea7c92069254e0686c72ab111e","github-backend","yes",""
"backend/Repository search results_files/light-0c8222dcd7a4f9b7.css","76775","7688877d97b15cde6c38abf5e1ad3be84e3e02f5643589f90e03afac9b7f2ec1","github-backend","yes",""
"backend/Repository search results_files/mona-love.png","3466","554b659a0c98999cec68fe884e626cbf60cf02fef9c035b03acdf2a3e3ab9224","github-backend","yes",""
"backend/Repository search results_files/munrocket.png","1222","684c00c2d1ebff36bd8fedf215030018678af58419f28b083587d2db22b1092d","github-backend","yes",""
"backend/Repository search results_files/nardew.png","621","9c11839ee1445fde3549c7297bf60baa0f5b7c992ea36867825c9f01b75eb44d","github-backend","yes",""
"backend/Repository search results_files/Nedomas.png","5412","e6b4a35c79278778e89ec2a0afb42be3d7b7c854e926dac02b9e13c7dd000094","github-backend","yes",""
"backend/Repository search results_files/notifications-global-206312e9c9776c21.js.تنزيل","10985","61d7eeba2eb424e027f53729408cdbaaeb144597599b77e3bed6d892e22d4f24","github-backend","yes",""
"backend/Repository search results_files/octicons-react-a181826f33dcd4d8.js.تنزيل","431057","8f37042a713de325470f9a4bf6ae220c606a4cf906774a6f6ae0fad7606191fa","github-backend","yes",""
"backend/Repository search results_files/primer-0fcd9af82350aeda.css","412867","be827c4e9bb184d6280052c5c90469f45e1b78b05e26eefd99c545b039511295","github-backend","yes",""
"backend/Repository search results_files/primer-primitives-10bf9dd67e3d70bd.css","10084","5fe6ea60b086141cf746e4f068dbde94b46f4bb5b903d3942dbb615b72b5a42a","github-backend","yes",""
"backend/Repository search results_files/primer-react-9ca437122824b26a.js.تنزيل","645717","8e024fe5ca42cdb61a88e8502cb64f6137c78f3307ba9377d75b9137234350e5","github-backend","yes",""
"backend/Repository search results_files/primer-react-css.5f6ed1f0fb5be97e.module.css","295261","2db61d9d2d10adb7e4e281cdc9d3a2a11f6a8e1c8531aaf220208ccb92f38c6c","github-backend","yes",""
"backend/Repository search results_files/react-core.bd894c565a04e39a.module.css","446","35cae108721981b9e9ea853f3d01b4e95d100a3070872a357c6e1ee1f2ca1ff1","github-backend","yes",""
"backend/Repository search results_files/react-core-e2e4dc7ec809e513.js.تنزيل","187909","4cd8aa6d493f9903d9f71718d499029b13823848a0ebd4a9fc375103f1c59053","github-backend","yes",""
"backend/Repository search results_files/react-lib-a4cf89fce9a1300a.js.تنزيل","382362","a720e512b8947d98c84cfd1d04b9ed475b115653c68ec24fbbb81320c625b1e6","github-backend","yes",""
"backend/Repository search results_files/runtime-helpers-3bb6f7d6b7a2f531.js.تنزيل","2746","cdd46394074082f4cfd761276d064e33dcf18f5891f34543af53e18a965cce36","github-backend","yes",""
"backend/Repository search results_files/search-1a66800134d02593.js.تنزيل","6008","4c827cb0c35aa858740f7f336da89c5fa4691b9bdc0c61674537a0b5a5953c85","github-backend","yes",""
"backend/Repository search results_files/search-a3d57409c6f67148.css","449","434debb66da3aedae906b6b0e3d93f1b2fdfbc5ff106069c04930c05e3739c36","github-backend","yes",""
"backend/Repository search results_files/tailwind-0ed51e19bb4e1718.css","122961","acf9a49da6a71de95c9026210da6e4cd2c4e01e6d33b1b471156e9ca15bfbaed","github-backend","yes",""
"backend/Repository search results_files/TulipCharts.png","2420","00705241968a49f2aac2af2377141b59125a3146749f9938b0aeec24c64c67f4","github-backend","yes",""
"backend/Repository search results_files/wp-runtime-d43299552bfccc72.js.تنزيل","47671","32306e1c28ae7a08f6e13c5f949795b47c7b4b3d3329d10fb45b41bf88f3b6b8","github-backend","yes",""
"backend/requirements.txt","130","4f9b19f013d4fe574a8f4a502cc71257d8d4f06a316bcfdd6e4a608076ccfc82","github-backend","yes",""
"backend/security.py","5062","3fac3a4eb3e85f915c58da7e1dc1c45b5dc66032c622244f20412053d203f194","github-backend","yes",""
"backend/tests/__pycache__/conftest.cpython-314-pytest-9.0.3.pyc","786","9d7e39379454d5b6581cf2b07fd00413350451bd2cc4b986e9dc270c9ea6b383","github-backend","yes",""
"backend/tests/__pycache__/test_angle_invariance.cpython-314-pytest-9.0.3.pyc","6463","146e29913edb2c348899cd2115f6b6f7aa4b2790258aaab2f284057ed46a8d6a","github-backend","yes",""
"backend/tests/__pycache__/test_api_categories.cpython-314-pytest-9.0.3.pyc","8337","3835e80965da8b5d63af6703f284410dcdfe2ac500001ec76ea1399a95616277","github-backend","yes",""
"backend/tests/__pycache__/test_categories.cpython-314-pytest-9.0.3.pyc","16215","01e1781f3d27763cf082b695a8375e98b72b47897e73840108c046a2474ecf49","github-backend","yes",""
"backend/tests/__pycache__/test_dataset_loader.cpython-314-pytest-9.0.3.pyc","13151","5ca546d2d8c5bb1d275234ab5eb2037f8896f81985c11522e2fd5aec0fb1f66a","github-backend","yes",""
"backend/tests/__pycache__/test_eye_level.cpython-314-pytest-9.0.3.pyc","4444","e49cc3a9db4e3a2bb45d68534e0dc98671db01a23732093b4824a25682694313","github-backend","yes",""
"backend/tests/__pycache__/test_face_policy.cpython-314.pyc","20639","4088612866d8728031dd4f7ffeba29d0e4a90deb7aa1b823f169baa243fc8bfd","github-backend","yes",""
"backend/tests/__pycache__/test_face_policy.cpython-314-pytest-9.0.3.pyc","21750","cfecf1646d50f1bd04f81ff2488a632f0ad59dc4c50e7ba6db7be71adf3bfbc3","github-backend","yes",""
"backend/tests/__pycache__/test_face_policy_persistence.cpython-314.pyc","3623","45a00af0ef0a16a5e291357c01a67ade4983c04b4eb5a1a6cd5713727052010d","github-backend","yes",""
"backend/tests/__pycache__/test_face_policy_persistence.cpython-314-pytest-9.0.3.pyc","3736","8cf9f1e004253f9223fd1f65472b581bbe9517f0e6e5d69ccd8cab5655915864","github-backend","yes",""
"backend/tests/__pycache__/test_inspect_model_checkpoint.cpython-314-pytest-9.0.3.pyc","8889","c8457f898bf06a61216b0cec672e2b11ddbb83bc198a7204ecae363387f648d7","github-backend","yes",""
"backend/tests/__pycache__/test_intrusion_api_contract.cpython-314-pytest-9.0.3.pyc","30216","b13b61bb83501d3c7174cd6107fd852c1f756e5c1f272cb5ce6bd39ecae2840c","github-backend","yes",""
"backend/tests/__pycache__/test_intrusion_category.cpython-314-pytest-9.0.3.pyc","11150","79156892576483a2dc419ab207e5fe4df9e81a776158af84dfe026173448d4d3","github-backend","yes",""
"backend/tests/__pycache__/test_latency.cpython-314-pytest-9.0.3.pyc","5507","6d5060de81cf8d44801c658ddf7f0c7906046fe3802ac6254ad1fc3df180bc86","github-backend","yes",""
"backend/tests/__pycache__/test_manifest_dataset.cpython-314-pytest-9.0.3.pyc","7878","96ae008a2a15fa51ac73a1b2d8d42a55e44951852fc05d32d8f4dae8701dd1f9","github-backend","yes",""
"backend/tests/__pycache__/test_multi_angle_benchmarks.cpython-314-pytest-9.0.3.pyc","5681","5dc1f6ee521a2491a144a6ea37144323e2f3f8685de109e90f6dde3cfa2b387d","github-backend","yes",""
"backend/tests/__pycache__/test_rwf2000_manifest.cpython-314-pytest-9.0.3.pyc","12392","921cef890acc7025830e317a1af5a480445acb1c925edfa9382c7a54e5f1c176","github-backend","yes",""
"backend/tests/__pycache__/test_threat_dispatch.cpython-314-pytest-9.0.3.pyc","4886","fa2bc568894a7c4180f20938c25e62e555fb61abbf030e14e1b0b5a2b55b0934","github-backend","yes",""
"backend/tests/__pycache__/test_threat_latency_benchmark.cpython-314-pytest-9.0.3.pyc","8432","5315491ac5cc04abe6cc9ece3c6624ebc7993fb958d7bbed91e1d3e123c99c4d","github-backend","yes",""
"backend/tests/__pycache__/test_train_config.cpython-314-pytest-9.0.3.pyc","8464","b336350e0279329e1cdc44f0ba7bc46c513fff71e428f51e0b4291872b151dc7","github-backend","yes",""
"backend/tests/__pycache__/test_train_finetune_sampling.cpython-314-pytest-9.0.3.pyc","8003","51d24defe862ae6a52b78f30f2f44a5be52f548131a92f3dbfb24a897800ec21","github-backend","yes",""
"backend/tests/__pycache__/test_train_rwf2000_smoke.cpython-314-pytest-9.0.3.pyc","10945","bf14cc0dd06638c5ea59edc3d39677fca2244a73947732f15f770981dcad688f","github-backend","yes",""
"backend/tests/__pycache__/test_train_rwf2000_smoke_actual.cpython-314-pytest-9.0.3.pyc","12462","378c39d00195062db3491a7fdf6410f2c3e533a7c21f9e4b6e604865be6f839e","github-backend","yes",""
"backend/tests/__pycache__/test_video_input_contract.cpython-314-pytest-9.0.3.pyc","9662","78df9eca1521a05d4ee844f0f2affbd01aa9ce835d4458807fbee4ba28f8a51e","github-backend","yes",""
"backend/tests/__pycache__/test_video_loader.cpython-314-pytest-9.0.3.pyc","10346","5bda0c911e2647f20b1f388fab785dc3d84868d52f90dd2300c0f31250cc6935","github-backend","yes",""
"backend/tests/__pycache__/test_weapon_category.cpython-314-pytest-9.0.3.pyc","14499","4b31540b54a61815d7aae8c711bc5bbaa64da9de73840c7d3071ab13aac3785b","github-backend","yes",""
"backend/tests/__pycache__/test_weapon_smoke_tool.cpython-314-pytest-9.0.3.pyc","6557","f827f0804cf7de516dc745009ffca730bce4ace60837c756ce1b2af35c80c0d8","github-backend","yes",""
"backend/tests/conftest.py","532","18a9d5c3ebd44f148720e3a1b51af863f03b2d6667d58b02085b3654172362ba","github-backend","yes",""
"backend/tests/test_angle_invariance.py","1800","2255d06f36abe12d00d38bb8f3ed99c409fa7a9afb98475b27a857682a02a432","github-backend","yes",""
"backend/tests/test_api_categories.py","3397","6d48a5f099d4f3a16ae2e9721db7a6d0d88f5e684a3af6796401a2704c6eefad","github-backend","yes",""
"backend/tests/test_categories.py","3343","c19007356064142ac99643c3dcd649281f705aaa070ce469d7e5eb8f5eb24cc0","github-backend","yes",""
"backend/tests/test_dataset_loader.py","3049","57a1513d2f857614c3b18308d01078032e0986b71cb2a53f3917d6bc0ab58331","github-backend","yes",""
"backend/tests/test_eye_level.py","858","e22cb20493186b047e5d17e7da8f102f8b9f5bf7770038ff0a20cacf8b1e2f2d","github-backend","yes",""
"backend/tests/test_face_policy.py","13570","8f3239025455ba406ae3d2a1f4344fe6aaf1b50d6cb5012705fda603d8a364d6","github-backend","yes",""
"backend/tests/test_face_policy_persistence.py","2067","3cf3e0a3f3c44deeddca48ba9e1afa8b7a5976f494fea619a050558dd61c489c","github-backend","yes",""
"backend/tests/test_inspect_model_checkpoint.py","2278","48892982c1db1d52ce13de6a425554f8393193392bab496e21d851bf1a326878","github-backend","yes",""
"backend/tests/test_intrusion_api_contract.py","8894","9466a72e14efa9b26490295a58491c17428044086abd45557ca2d19ee61b6ac1","github-backend","yes",""
"backend/tests/test_intrusion_category.py","3755","38385027bf7b7b5bdb5a689189dc1c0ef51cdb8d6c4e5abb7d5fb72fb222846a","github-backend","yes",""
"backend/tests/test_latency.py","2440","9afed1fc8c1a84bfb8952cf83dfb4a7491baa8833946f3e934535d730b5c35a1","github-backend","yes",""
"backend/tests/test_manifest_dataset.py","1947","31edd059f3a8cb777f3ee3490a90152f72c8dc64cc92b8d50b55487c6b03ab14","github-backend","yes",""
"backend/tests/test_multi_angle_benchmarks.py","2024","061322fae8a24619d9272db9413cae5fb9007d8e85a29b2b3fec5ea39f09946d","github-backend","yes",""
"backend/tests/test_rwf2000_manifest.py","7958","2061fcd79f251a96e00e97dd195c187f2e28662c0f814795230a9b5be75b2d81","github-backend","yes",""
"backend/tests/test_threat_dispatch.py","2165","a3e36a85eaa903c576043b3b497493af06c29e736da3611d7b352602104567aa","github-backend","yes",""
"backend/tests/test_threat_latency_benchmark.py","3498","fdf4cc9b2f113ed3a7c85de3cda7b8578e703f7ff964c912b3cf95b0cb9c2352","github-backend","yes",""
"backend/tests/test_train_config.py","1626","9d7b29c1def66eb342d8b90f86f21e6be8733e299845af5e73afb16a3c7fe654","github-backend","yes",""
"backend/tests/test_train_finetune_sampling.py","2422","901887acb176995d7b81db11b1e328a017c069eba97d91c19bc0ac448a42008c","github-backend","yes",""
"backend/tests/test_train_rwf2000_smoke.py","2924","6f6b28295f8a9f6eae26306c0c1dff248d796d0d3eb009e4cb974222791d708f","github-backend","yes",""
"backend/tests/test_train_rwf2000_smoke_actual.py","4039","1ec3c881ce4a1e7614b4afd145ab2821b807d53605a8983905bbdc82d691d130","github-backend","yes",""
"backend/tests/test_video_input_contract.py","841","f1e10e84c3e481114c1257e78b08a0c74d219c9bd3777dd2e9ccc73f024e952e","github-backend","yes",""
"backend/tests/test_video_loader.py","2476","d3036dedc20b11e0fec8bf9c2e1715e729a8b880bbb159c170fb6cbfdff80776","github-backend","yes",""
"backend/tests/test_weapon_category.py","5090","f8b0d9abc7732641f1f5601c4286928ae893a97dd4a51db202381edf03e8b046","github-backend","yes",""
"backend/tests/test_weapon_smoke_tool.py","2384","09a088f54efabba3e3ff99ba102d930e80c3f0984b86f9681df8db3eaf0e38d1","github-backend","yes",""
"backend/tools/__pycache__/benchmark_threat_latency.cpython-314.pyc","9138","b0764db2f43367ab188d9d0701f22f84494fc0409a87218fff3d243ccb901453","github-backend","yes",""
"backend/tools/__pycache__/build_rwf2000_manifest.cpython-314.pyc","5563","1d41b6d3cdde5e24124419f66dbf0f019fd6e0283197ddc43353e9c4b2917993","github-backend","yes",""
"backend/tools/__pycache__/inspect_model_checkpoint.cpython-314.pyc","8962","6f56deb4c31eaa943f0f4e48717dcc29b1cf1257560a1124bab7d40c196d06e5","github-backend","yes",""
"backend/tools/__pycache__/run_multi_angle_benchmarks.cpython-314.pyc","4374","d279e296f6967cff82eade5882c07adabf1ced08372f77e8d6ea98b6173e4eff","github-backend","yes",""
"backend/tools/__pycache__/smoke_weapon_engine.cpython-314.pyc","6223","0d47524507c4c923310752ce7fc9b8f8d81389f8723dd6162cc9bbcc9a769f49","github-backend","yes",""
"backend/tools/__pycache__/train_rwf2000_smoke.cpython-314.pyc","13854","03d44b7a56b23c20fb2d04d8d8cc29eea6be025bcca5ed2625e89dd36a8d513a","github-backend","yes",""
"backend/tools/benchmark_threat_latency.py","7256","a00174b4b8f8f9f52c9ec5eaeef904cbf36339bfce8be20c6264d0af2e18fa0c","github-backend","yes",""
"backend/tools/build_rwf2000_manifest.py","4805","836f503322aa1c5bc22764d68f543c50d5b54f9029e9a0fddb7b2b5ce326847a","github-backend","yes",""
"backend/tools/evaluate_rwf2000_subset.py","5987","46659ab62cd5fa6a7e55fcf55681854c8024b9f192f0f15ae3716d61f74faa22","github-backend","yes",""
"backend/tools/inspect_model_checkpoint.py","5625","113dea0926a52cc30939005d99a7ae02eaaa11ed5b3b206b8208314bcfddfac0","github-backend","yes",""
"backend/tools/run_multi_angle_benchmarks.py","2767","47c68b3e53e35d53b5ca85397eda66ab5d9bdd3e5884ba7e50d39c10360d2a0f","github-backend","yes",""
"backend/tools/smoke_weapon_engine.py","4725","c2e053b23a37d59dad1943124a3c35dc6474882360b658abafe4e9273eeaa1d9","github-backend","yes",""
"backend/tools/train_rwf2000_smoke.py","9738","bc012aa9c7b0f6c79e892e91b2868b3f0342a65ef7ad57676f3038b7ac6f46ca","github-backend","yes",""
"backend/tools/validate_model_input_contract.py","4822","981b0a380c1b5036ca7bc6cb0d63394229cd8c40be754eb78a03532048af953a","github-backend","yes",""
"backend/train_calibration.py","13219","391db7136ea0744fe12c18f44307696461d7b24e848575b46c4bf9fc3154e663","github-backend","yes",""
"backend/train_finetune.py","27810","250dd8abecb5aa29cc11ae74e4947b7fda6edb03c797e438d2c3040bc3f681fb","github-backend","yes",""
"backend/train_pipeline.py","2318","620e283c0e0c0a428ba91d1042a33a80af69901a7a447f7fe4db3cc8bbd02ef6","github-backend","yes",""
"backend/training/__pycache__/dataset_loader.cpython-314.pyc","5822","68a523715476631da3802ae42076ada0bbc0d738ca0d1248abb4e7ff0556c8ee","github-backend","yes",""
"backend/training/__pycache__/train_config.cpython-314.pyc","3268","e96788201092a68dd4721a97a97372d3b480a6674fc2a5a77a4189b94f5b52b0","github-backend","yes",""
"backend/training/augmentation.py","2919","dc6dfa9421fdb23466b9e11b5ad93ea8f0e108b308149d34604cd759098a0255","github-backend","yes",""
"backend/training/dataset_loader.py","2831","27eeed2e0e6d30d632a40e417195cf628af1a56b472d23d54800d5fcb63d516c","github-backend","yes",""
"backend/training/datasets_config.yaml","3454","04903a0b198d43bb4b197bdc06a71a8e0a7b38ca6742b2cc228d2949439e64e1","github-backend","yes",""
"backend/training/train_config.py","1885","1ccabada37dea983d40be1969e6499278957863c7e94bd570ea40b69d675149b","github-backend","yes",""
"backend/training/train_multi_dataset.py","3374","0169646e786cc041b0c52f290e0e878da38a8451289a80f6482bc10512d1420f","github-backend","yes",""
"backend/weapon.py","13768","e1396d89ee2db27844f14fa6ff836f81d901e6e6b809dacead51421a261bc6d5","github-backend","yes",""
"backend/احتياطي/__pycache__/api.cpython-314.pyc","26592","51fa87c09e98acb805e3f223c15bc4fdbd9782916d74db33cef1429b03eda462","github-backend","yes",""
"backend/احتياطي/__pycache__/inference.cpython-314.pyc","26700","fe858b600c79ad3ed3b0fff8a0c1c53e04a406103093536e5446515e2733b8fd","github-backend","yes",""
"backend/احتياطي/api.py","23617","039541aba36d5b613a768647c9e96f03e0f831c31876cae911154e02c1b84327","github-backend","yes",""
"backend/احتياطي/inference.py","21080","dbe3c0ea896fd13fdb812c532c52f79746d7f402a07631ce31e5ab09c4204bc2","github-backend","yes",""
"CHANGELOG.md","637","f1c51251668cb0e8fac4fc149059abb61e69fd0ae61f263082bb0a5d0c2821d3","github-root","yes",""
"components.json","427","060762649713523e82b4a1cf131fba79ab250407a109d7ae7dc045ff482ae36d","github-root","yes",""
"components/ai-report.tsx","6380","fe4ca2799b907ed7edb523bc9d69d44208050b93c3f39a1ff104cb7d8d596527","github-frontend","yes",""
"components/alert-feed.tsx","4791","725df002c9d3ef35089dd10c6f6475be38a979598d13766bfddd531ed27b499f","github-frontend","yes",""
"components/category-filter.tsx","3061","cf6311b96452a3e31bdd1253a1b48e08993748c2239e06f87626d1e016b559b3","github-frontend","yes",""
"components/clip-player.tsx","3356","87d4f08d96d3e248f7cd79495f50639c4f89e9e13a261c8e2e15e630103ae050","github-frontend","yes",""
"components/clip-sidebar.tsx","5249","aba88b2d3c5154742de0e88a86c1831f62e03a27b8ead704fc641872999b4484","github-frontend","yes",""
"components/dashboard-header.tsx","5920","dab81cb6961e2bc2d150e54122fba2cda8a81af1cfcf3767970db8e39f4ac6ef","github-frontend","yes",""
"components/files (1).zip","20610","f309dfa01b8575c7a91328ee745edef148a7d5c1bb6172671a2fd0fb2a288377","local-archive","no",""
"components/files.zip","22724","dafd263ecc1584b893bc71b794aeb99e6cdebf1769f0c226fae5c8b1db145f94","local-archive","no",""
"components/geo-dashboard.tsx","11480","da40a92acc209d27f10d12d278b745e758beb78a1b708feb330ef04a8702ff47","github-frontend","yes",""
"components/incident-panel.tsx","48358","ac71af7ba8cf94941ffc762f02ec7bd599ec6513b8d5b4ca204b955365cf096a","github-frontend","yes",""
"components/incident-replay.tsx","7723","ab7b3c199c395133263d68ce8bd7a043e1a3930fa2ea32be7c93f994d352a7ff","github-frontend","yes",""
"components/theme-provider.tsx","292","7c1edcfa7a0614bfc279aeb8ce3e60e0642b1c24a6ff3d4d03d3e256efc95b20","github-frontend","yes",""
"components/ui/accordion.tsx","2054","789b258bfc80b22f9634539e5b7b8d06acb68eb2842347326fdfb5b9eed79d93","github-frontend","yes",""
"components/ui/alert.tsx","1617","dce4f80f612a79389688cc8f765cccde46d5af4881ea899cc694187ac386757a","github-frontend","yes",""
"components/ui/alert-dialog.tsx","3867","8181c7be76533bb5e1d721274cf16bcc07dbe25c521aa6f15e01fe8a302eb481","github-frontend","yes",""
"components/ui/aspect-ratio.tsx","280","09035a9c5b8211fffd34f06a6ec44e053b0d753390e40aea970cb59773176714","github-frontend","yes",""
"components/ui/avatar.tsx","1099","9effa6f9decfeb6230e20958c815cdfef8bd84f6ec6aafc8e2e87c5e4c64b4b2","github-frontend","yes",""
"components/ui/badge.tsx","1632","92dfe1cb7278ffac5c23656e33d0827da93b067724f377923f618c248204fa67","github-frontend","yes",""
"components/ui/breadcrumb.tsx","2358","801c5fac01248e8e4692b58a6ee5c6a50a3cddb9b095e0bb2e04aff201313b6c","github-frontend","yes",""
"components/ui/button.tsx","2143","7cb96ee534dedef7eb138952dc02fda0cb2caf2e02f2d3c08afab7f978d58dc3","github-frontend","yes",""
"components/ui/button-group.tsx","2212","07203100cedafa78bd03b8ffe71559d29c35bfe7ea034449ed21d1008907cc0e","github-frontend","yes",""
"components/ui/calendar.tsx","7679","11b817aaa791d8ebd39a882f80827a7d4a99c6d451c8b836a81b186fcb2de87a","github-frontend","yes",""
"components/ui/card.tsx","1990","541ffffc9e6533063116770ae651e359b41de8546c52a29a3b560074878a37db","github-frontend","yes",""
"components/ui/carousel.tsx","5562","67237a35be1473c2436d9438a17330e183bf720e84391dd8d0a00a73f289a371","github-frontend","yes",""
"components/ui/chart.tsx","9786","0d1015da32cad5bcf8b19ecb4464bfada1faf005ead1db5107410f33a4b1ac77","github-frontend","yes",""
"components/ui/checkbox.tsx","1227","f4629326151cdb4fefbb8d49ff20bcc3ffab3f791fb31b795937650877eae212","github-frontend","yes",""
"components/ui/collapsible.tsx","800","89d052508dd671fdc6c823cc299a53537edd00c7067ae9508a2af0a8eeb4348b","github-frontend","yes",""
"components/ui/command.tsx","4824","803aa420db4170238043ca1b9f1fd88f285f1b83f3ff2c0c5abff217df316896","github-frontend","yes",""
"components/ui/context-menu.tsx","8282","ef3f8b668e7abee8ea18ea66317d067a5f3590a3bdfb7be937df5838e69602e8","github-frontend","yes",""
"components/ui/dialog.tsx","3985","2341f5d3379758c9659806e518299f9a3dc394128571e379ed83941deae83403","github-frontend","yes",""
"components/ui/drawer.tsx","4258","e62592bd1cea50ad95ebeba32a165f9cfdf5a5c6431067ec74e024b83a866f01","github-frontend","yes",""
"components/ui/dropdown-menu.tsx","8432","3124a8b0edfe90400cf4d14d438dfe6ac3af9ec9a6181feee10f48390aeb1815","github-frontend","yes",""
"components/ui/empty.tsx","2401","c9828acce9044690059524bee2e67dec68710baed7bfa1f6c787ca86413112d6","github-frontend","yes",""
"components/ui/field.tsx","6055","c80fb0dc554855fd84ac91ad30f724127a066ad2156b1846dc46ee5811ee9135","github-frontend","yes",""
"components/ui/form.tsx","3761","e308b9b592b4c89895a14077bd3254811cab67bb580286b1bd7428cb476b6df3","github-frontend","yes",""
"components/ui/hover-card.tsx","1533","3a05918eaf7436596e09562f4d5371384e15f2f27c9ef0788354035282d96064","github-frontend","yes",""
"components/ui/input.tsx","963","b67dea8a8d35c004c6d94c22aacbbf2340b0e536c614e4c87a69d8814a7b4502","github-frontend","yes",""
"components/ui/input-group.tsx","5031","9214c077d8d253331da82bffdb36edb778abc73d27b34dff0eb544e6d7b9d386","github-frontend","yes",""
"components/ui/input-otp.tsx","2256","6a046b50c82c554699c148a9f4922c785b200fb87f067772f166e80c59e813ca","github-frontend","yes",""
"components/ui/item.tsx","4503","c4f50ecab61ee02224a432f2e5e7cafc1941913640134abade00e3db82512baf","github-frontend","yes",""
"components/ui/kbd.tsx","863","3e346d9b84a0e2cbafb6311589d4dfcf0df6c1c8f94fca26ff4c34dfa4170823","github-frontend","yes",""
"components/ui/label.tsx","612","dfd466a53a86f0bd002050d33e96b5385ac4e102e93485ff8d9943fdc2fbeb12","github-frontend","yes",""
"components/ui/menubar.tsx","8404","da0313c01c8aedd722c4bb1cbd4723acef6187cda4de0ea230cff90d6aebcf2e","github-frontend","yes",""
"components/ui/navigation-menu.tsx","6649","c0f759689e24aaa36d62d2de868ddab35b12c5e4a8c8c035582c46a963e4b56f","github-frontend","yes",""
"components/ui/pagination.tsx","2713","c0306e3325a10c7377794b1b75fffb57179be1f19a3b3b3b0e0d79dde53b4ecf","github-frontend","yes",""
"components/ui/popover.tsx","1636","50b93b8af040517d766f9ee6d0dffeacf40b5082469bba7e5d49a7f9eb5aaa37","github-frontend","yes",""
"components/ui/progress.tsx","741","d48446fe6380e0fb272988c37992a4633b7002dd7e8faa639993f38e010953aa","github-frontend","yes",""
"components/ui/radio-group.tsx","1467","9a91313aaed0e8358c69fad89d12a1f5d148bd7fa5ffbed925e6f8b368617ba9","github-frontend","yes",""
"components/ui/resizable.tsx","2030","8f96f309d60fb87c09afbfba79c43326324379859e2bc27e1d26594a886ec908","github-frontend","yes",""
"components/ui/scroll-area.tsx","1646","4d19b093a16635687d128e2157c8f5bac50b2391cbe031e07ec1e2d53f4d73a3","github-frontend","yes",""
"components/ui/select.tsx","6259","e2b4198bbf3968eae76d71fd04074b43f802357d997dbd01a1721a96e5895383","github-frontend","yes",""
"components/ui/separator.tsx","700","96ef29b5aa9a169fd23a813ebbd4a721ba693c9ba73b9bdd9b4ece6788e9279c","github-frontend","yes",""
"components/ui/sheet.tsx","4092","647b61de5cb1f53e7265022c6f60bf25a43b75ff71bde690adf9ec5f74a22688","github-frontend","yes",""
"components/ui/sidebar.tsx","21649","1bdf187549f043a81a5b1a97da1422c4bf2bc5b2cce0415f074e017dcf1e8f71","github-frontend","yes",""
"components/ui/skeleton.tsx","276","c3005a6a39bd1aaecf3c0c9c61860db480ec5cbd16381556e381bdc3a59b6ac6","github-frontend","yes",""
"components/ui/slider.tsx","1990","0d000a7ec98386e515f6e484e4545cc4d34bcf201fd52ce5a53a5fea0bfdd9b5","github-frontend","yes",""
"components/ui/sonner.tsx","564","5f2418e3437ab5fcf922fefa408f3b0257431ac9353a10c5c3d18fd3e68b30f7","github-frontend","yes",""
"components/ui/spinner.tsx","331","006b673fb9c6922aae885173748176c0daec31d8b396a04335143808a5ec89c4","github-frontend","yes",""
"components/ui/switch.tsx","1174","6d89650a8b9474244627b2ead855995f9923b9ad8576db96c1841b084f44c76a","github-frontend","yes",""
"components/ui/table.tsx","2452","7e4ec95a993de8b29a144facf8c5e99271239ee40ca158a93cbc8b6853e7ca54","github-frontend","yes",""
"components/ui/tabs.tsx","1971","23cc67b5360458decab2e93b3827aebbe142fd2d9f76ec418f96cb3269f1820a","github-frontend","yes",""
"components/ui/textarea.tsx","760","cf31ce99f03ac69f9821b4463a366c66698ae8e7eba5c06d2ede63d5cf7309bd","github-frontend","yes",""
"components/ui/toast.tsx","4863","37ee2f94a1c5df7a0194cd1740414722e58de5a94fd46e82329b4c217f5fbf36","github-frontend","yes",""
"components/ui/toaster.tsx","786","2dfd19d81413d2eda50679dd8caa1cad25ebb34194b37fa1ddfb7dd647939f6d","github-frontend","yes",""
"components/ui/toggle.tsx","1571","80a93a384850d9fd7b4d5c2d1f8409874d198467648e000c310695caedaf807b","github-frontend","yes",""
"components/ui/toggle-group.tsx","1927","4e725b44cc99b17211ca80c9306271c7dd1a9c9af0d0aba3faddad63d33992e2","github-frontend","yes",""
"components/ui/tooltip.tsx","1893","b620f27ccc82ec7748e2039143cd3c36c029e48b083025f88e621e6dda91222a","github-frontend","yes",""
"components/ui/use-mobile.tsx","565","1b43441b273aa21c1e74fefa774d5a7cb50068e5d4c192a8f63b9c95c5580431","github-frontend","yes",""
"components/ui/use-toast.ts","3945","3b5f8c9c5257f1cf36a94eeffed2588037e9cc7931d90b752604c2baed30cf81","github-frontend","yes",""
"components/video-player.tsx","13607","b372503ab2239afc699a39cde2ee854049d26e3f66868623bc80ce76f7bb96c3","github-frontend","yes",""
"components/احتياطي/dashboard-header.tsx","4631","10fb060b505762409847e197043b74a7b3f1ccc1d11fa18070cdb1e01e8aa83e","github-frontend","yes",""
"components/احتياطي/incident-panel.tsx","17168","d9eb12907d3c9d8a4297ca8952f8644d69210e3c04833cdbb4f866590c20f282","github-frontend","yes",""
"components/احتياطي/video-player.tsx","10757","7b5cfbfd885ea2c3db0eab1bc3f075bcc34599a13a20ed5063d236481feaa795","github-frontend","yes",""
"docs/00_PROJECT_STATUS.md","1994","6357523cbbbcb9743e44a389de2037770e85c9d0c1f258df12d8638bb0058507","github-doc","yes","Freeze documentation."
"docs/01_RUNTIME_RESTORE_GUIDE.md","2509","589fa01250b1ab3e0b53e275d630ca3cf970bac92a42e7c0a2316fdda2edf310","github-doc","yes","Freeze documentation."
"docs/02_LIVE_ALERT_DECISION_LAYER_V2.md","2958","00e3a03bcb032f67444414e474af7905b072d485cb7ee34096d5863276d29d4c","github-doc","yes","Freeze documentation."
"docs/03_STAGE12_EXTERNAL_EVAL.md","1210","69103be2bf90a3f654f2f3ed4a051f30657e9196a8079b04a932c77dbc440f59","github-doc","yes","Freeze documentation."
"docs/04_DEMO_RUNBOOK.md","1608","fe8c91577876b8ebc7bcaed6111576ed49748a3df936cc46d1ed1ff45c810b7e","github-doc","yes","Freeze documentation."
"docs/05_TROUBLESHOOTING.md","2379","d6f1fa58ed45696fca0f49a91cfbf92ea62e4a6ae9b0a7b524c10734bc928e96","github-doc","yes","Freeze documentation."
"docs/06_MODEL_AND_DATA_POLICY.md","1163","8740aea44358d6e2bb851a60953bbf8a22a8161207a6c5f5ecc4c88ef48ac904","github-doc","yes","Freeze documentation."
"docs/AI_Sentinel_Phase2_Midterm_Deck.pptx","52893","56768764d03a097d968ec7180942f4d5c564f46fded85846ad3c6b9a89be6776","github-doc","yes","Freeze documentation."
"docs/ai-sentinel-phase2-midterm-package-ar.md","36975","b84e2ad0cfb9e00d065f736dc2e7fd25eb3ef84336a2b0eb7df5e51e41ec71f0","github-doc","yes","Freeze documentation."
"docs/benchmarks/multi_angle_recording_protocol.md","3632","4fb818c2d0de1722d1f8b84b30ddcff284a70b6eb54dd879e7bd6fe792eff4c4","github-doc","yes","Freeze documentation."
"docs/benchmarks/recording_day_checklist.md","4640","2959a435d08612aa4fdf92973eeb17e024988d7d7fa54fc8e0037ba40786322c","github-doc","yes","Freeze documentation."
"docs/benchmarks/threat_latency_benchmark.md","1963","8b70bd591547b861f0bf47802ee658ec0d7a6efca640ddc5e5f247ce9cebd46f","github-doc","yes","Freeze documentation."
"docs/cctv-acquisition-and-integration-plan.md","9216","e1909fe3dbec0f46eb3917f25bf4296e22d06515af74320a70b14c155a90be9b","github-doc","yes","Freeze documentation."
"docs/claude_midterm_presentation_prompt.md","5931","cdac51fd3902c93f9303f83c9629eda82192bc180695f925ca8b43767bfe086e","github-doc","yes","Freeze documentation."
"docs/colab-training.md","1403","7451cdbbe11d86f2daaf1401cdde49ff635538889b4873fd5ae58c244207167d","github-doc","yes","Freeze documentation."
"docs/colab-zero-touch-plan.md","1802","460a086a05d64d52437b99ee0820d4e2ae37d0c1a3863695ab9fcbc351e949a0","github-doc","yes","Freeze documentation."
"docs/github-surveillance-feature-research.md","16965","e70a267aea5b072f72d555ef96864f9788f92fbe26a2d73ef7d66e5503162f49","github-doc","yes","Freeze documentation."
"docs/make_phase2_deck.py","17724","9f408b532e2c57f04b224f0a68fb817079c1a73245188b697c6b685eaaf1e80a","github-doc","yes","Freeze documentation."
"docs/phase2-complete-plan-ar.md","8575","2b69693de685515259311c809f968631177b3cc8c9d4ccc907d0df3a0c568279","github-doc","yes","Freeze documentation."
"docs/phase2-judges-checklist.md","4254","232e2453f8d3e912818f03f20210fad326b5509b3415f746f8007b1a76a1a0f2","github-doc","yes","Freeze documentation."
"docs/revolution-update-log.md","28333","4ddace4703f1fbbb16bc0991cd891dec096d5b17c089b31a6ecfb1463f3f02ea","github-doc","yes","Freeze documentation."
"docs/superpowers/plans/2026-04-17-tasi-ai-engine-v11-production-deployment.md","58858","fe3a31f34d5c39a12ac6c7891ab7ff803f23a94f57e0fdf47020302ade648530","github-doc","yes","Freeze documentation."
"docs/superpowers/plans/2026-05-02-ai-sentinel-enhancements.md","86961","fb0e1f9c49007b2019993b2d725259fc16e938de9f3f79a7171eb77f9e45e8e6","github-doc","yes","Freeze documentation."
"docs/training/colab_full_finetune_plan.md","11917","51473e859604bed1edd2cda133512fe6ac7532dc7a2d9828babf42aca148732c","github-doc","yes","Freeze documentation."
"eslint.config.mjs","291","841b174c6840acaa5a66490fd50655b763fe2fbe2806c080f12123faf54605e5","github-root","yes",""
"frontend/README.md","339","30eee9f449fa681c8238164a33a8e1d53642b8ad3f1d7fe077e1497776180c50","github-frontend","yes",""
"hooks/use-clip-playback.ts","2655","494bf9a4ff91ffdf4ebbde911667ccbca73acc112fb950a3a085e21da2308fb9","github-frontend","yes",""
"hooks/use-mobile.ts","565","1b43441b273aa21c1e74fefa774d5a7cb50068e5d4c192a8f63b9c95c5580431","github-frontend","yes",""
"hooks/use-toast.ts","3945","3b5f8c9c5257f1cf36a94eeffed2588037e9cc7931d90b752604c2baed30cf81","github-frontend","yes",""
"lib/dashboard-data.ts","4085","59683f4bbc60b52b7264ff22dbebff9f95097d50783614542a93b0c75e5fabeb","github-frontend","yes",""
"lib/detection-types.ts","1831","56f4b087f167a4a01d264c8e7843ecaa265314164fd2405ea678c4caf85450f5","github-frontend","yes",""
"lib/utils.ts","166","e46429536f43f5910f5b2b0c50bb2769b510a4558bb4b5d20a3b0a9091dbf7c3","github-frontend","yes",""
"live_alert_changes.patch","10716","b8ec68d9ac6a89f7851871988d56af42cf363053b1db3c1b44fce4a56a3be150","github-root","yes","Patch reference preserved for documentation."
"live_alert_runtime_patch.zip","18402","ea615a5ba2a4cb0b80747052e9630d4968795b307b7d9fab8a0c3b2b64911446","local-archive","no","Local-only patch bundle archive."
"manifests/FILE_MANIFEST_SHA256.csv","62155","86a519335531fb41b03a9627223b1ada285ca8552aa122250ffbc35ecd55b1c5","github-manifest","yes","Self-manifest generated during freeze."
"manifests/GITHUB_INCLUDED_FILES.md","780","26c219bdc4fea9e7f2d44d1b218c104241066d32d865ce0efb0822e1be04688d","github-manifest","yes","Preservation manifest."
"manifests/IMPORTANT_FILES.md","1082","54cedd906d719821bb2bdda129e86ae0dff301710ef25a452350bc6ceeee4836","github-manifest","yes","Preservation manifest."
"manifests/LOCAL_ONLY_FILES.md","1024","e76601bb4d7c70993c3fb1623c2b3eecb13f5af030e13e54d3d9fa03728dc95b","github-manifest","yes","Preservation manifest."
"next.config.mjs","357","7cd5c6d66e5a7a374c53866f7f3676cf8b8e205b8e465f8366a388a493cbe751","github-root","yes",""
"notebooks/colab_existing_dataset_probe.ipynb","37361","64170bbafbacda7fada82f39c758f0e90e040d8b80432a4e77606c304c527722","github-notebook-or-plan","yes",""
"notebooks/colab_full_finetune.ipynb","18579","350d34e0f99fea12653769dccf36ada0ddb9a4581fff48e2385ffa1631798c22","github-notebook-or-plan","yes",""
"notebooks/colab_verify_live_alert_decision_layer.ipynb","28039","f82a534a2f78a025d3d27088afe82a8181b0d1c8d1797a9fa95ac09df31d376b","github-notebook-or-plan","yes",""
"notebooks/colab_zero_touch_train.ipynb","6104","9761d492b3cb2174f7fbb79923a0177305d50fe6818c064d845958d9ab7e9009","github-notebook-or-plan","yes",""
"notebooks/colab_zero_touch_train.ready.ipynb","6252","696324a6e2d17b046d6898bc5189479604609422b0ff33d506128c7b3d9d4456","github-notebook-or-plan","yes",""
"notebooks/Gemini_Generated_Image_s3ipbcs3ipbcs3ip (1) (1).docx","44938","4ae0959c12e9377296b27761263d023e2caf354e8992b5128c02d227c3cff549","github-notebook-or-plan","yes",""
"notebooks/Gemini_Generated_Image_s3ipbcs3ipbcs3ip (1).docx","60581","133a37a12e912c66f605b51b1b1c4d1a658c9a98b098cc2dde39c68c83144dab","github-notebook-or-plan","yes",""
"notebooks/Gemini_Generated_Image_s3ipbcs3ipbcs3ip (1).png","1729551","31384ad824a8384c3c0557d4921c5cb2d62f8afd6708d982926ff3f67cf51c55","github-notebook-or-plan","yes",""
"notebooks/Gemini_Generated_Image_s3ipbcs3ipbcs3ip.png","1729551","31384ad824a8384c3c0557d4921c5cb2d62f8afd6708d982926ff3f67cf51c55","github-notebook-or-plan","yes",""
"notebooks/Graduation_Poster_Template.docx","37411","0687b203a1403903bd940a51cf5970b0d93ffc98d6160929da45dcdcfe073f0a","github-notebook-or-plan","yes",""
"notebooks/graduation_poster_template.pdf","21887","09cc71b754e3fbae81bb0de36dd3b3519ff9449f2c7e133e2c6f71891c93fcf7","github-notebook-or-plan","yes",""
"package.json","2626","f8ff6ad0d5fc2e26e62f5ffc25dbfb62b698c3fa94af27a5b0865199142f69e5","github-root","yes",""
"package-lock.json","292925","33e8794f57b0cdc51429040a66a45d66a3ad3d7817774a054785a523ba736f2e","github-root","yes",""
"plans/stage12_external_dataset_test_cells.md","20378","e3f972eebe69381edeec77e0ac47ce7c48e72dbb8b1cb47e27dde33d544167a7","github-notebook-or-plan","yes",""
"plans/stage12_ubi_fightsall_cells.md","27166","44573281f197bd1a8a7c91167121fd8cdacd6f07c4bbae1e3b2f20ce700bae27","github-notebook-or-plan","yes",""
"postcss.config.mjs","144","54b5708e687b8c9ecc8dbeebf29801dbec1213f890c5e018d7ca9c1541a6f7e3","github-root","yes",""
"PROJECT_DOCUMENTATION.md","3438","c7077a7e366d62d849e6e11176b95218f40cd13220f4b62dec6b3c94d0550a37","github-root","yes",""
"project_state.md","1982","eafdeba9d0e439098da5b40c50b3d887051d93d6adabfeacbff06cd95319c013","github-root","yes",""
"public/apple-icon.png","2626","da678942d4656a903f61000551cc51c09464d7a223faaae304e8210e1ca19257","github-frontend","yes",""
"public/icon.svg","1304","263f117c0c69a44d3206a5702105c178ebaa164bca325f3c3973a13bd948f1bf","github-frontend","yes",""
"public/icon-dark-32x32.png","585","8a1570b2955c3748b6844356a7487d88c60f9f1e699e870a3452a3decd1ba03c","github-frontend","yes",""
"public/icon-light-32x32.png","566","83145e5bb033ace23cd8e7fbb63e7c39733aaf58f8a7280d7800995cced6f7c2","github-frontend","yes",""
"public/placeholder.jpg","1064","14be0c7aa11cca1e78f0966176b286a6d36d00ec64be027775dfeb33d8e2dfdf","github-frontend","yes",""
"public/placeholder.svg","3253","64badf7aabda0b9630b87020ffb6095cb858ccbcf66b355c2aa08b1063954d3b","github-frontend","yes",""
"public/placeholder-logo.png","568","d7c39d978af643ba9525de6fb8171e0f834882db4110c82ecad0df3f4f69551a","github-frontend","yes",""
"public/placeholder-logo.svg","3208","19a9e968f4656d52a4c249b4056117ad109370ba9da51cdc630ddded74cec73b","github-frontend","yes",""
"public/placeholder-user.jpg","1635","22be067d748175598a5e00123902f5c8332dd7f101de03dfb92ec08d85bb5e53","github-frontend","yes",""
"read_pdfs.py","1548","3631373caac0f320506b4fc73d0e5216c7b952d1da23aaace3b5b515b4fef308","github-root","yes",""
"README.md","4122","5d9c8176e5a50a32c225f76ec2b81d2fc4b708dc309a1563a3771c9547484ee0","github-root","yes",""
"rebuild_colab_zip.py","3261","e7960c84ff638232e6409c3b659002d60c5bf3cee78b19763ab12477054fc87c","github-root","yes",""
"reports/freeze_state_summary.json","661","d3c1b4e0d5143fd63e34fd6a6bfb183be116c1bb6d6123a3f40827c4053cd62d","github-report","yes","Freeze summary report."
"reports/live_alert_replay_summary.json","389","37323377528ed92fb624bf7113df25867570037f8171868b66e968db93f1160c","github-report","yes","Freeze summary report."
"reports/stable_runtime_freeze_summary.md","730","eeb6be21a71d4ff43579a2fdd3fc69ac81a509721fa2a21ee6efd858d7ff9293","github-report","yes","Freeze summary report."
"reports/stage12_external_eval_summary.json","619","b990b22c2ce740a0fd6f803698279be505a240bb39bbb0a89f1589312f18ad17","github-report","yes","Freeze summary report."
"scripts/README.md","434","332a0b03fcb733cc330265256132340857f0f12ba23fcb6e7eb94423dfc4bcb8","github-root","yes",""
"start-colab-bridge.ps1","2526","c074d0fe1887259dbc8b41ff37af9c87677e991ce5edfc6fcb69b34b4d425ac5","github-root","yes",""
"styles/globals.css","4353","7f30dbe34b65246e3b80a5a7185b75d330eb583be354020e50c2210ceb8daa6f","github-frontend","yes",""
"tasi_market.db","0","e3b0c44298fc1c149afbf4c8996fb92427ae41e4649b934ca495991b7852b855","local-database","no",""
"telegram_setup_guide_ar.md","2755","41980dbe248ad56a636bf56ba75f06639843cc856076f1d128c7662874052d14","github-root","yes",""
"tsconfig.json","695","9c43305b728b4b57e97c63dcef97739d59491469c9c2ddfd24408fdf63e70f86","github-root","yes",""
"val-20260418T185437Z-3-001.zip","536870912","a07016dfdda8a8cd39962f15a6c87ef0d3555088bff2895cd686a4063a065c56","local-archive","no","Large local-only evaluation archive."
